﻿<?xml version="1.0" encoding="utf-8"?><meta xmlns:xsi="http://www.w3.org/2001/XMLSchema-instance" xmlns:xsd="http://www.w3.org/2001/XMLSchema"><project id="6VCTxndJWxI" courseid="5qJHWD8LFKL_course_id" thumburl="story_content/thumbnail.jpg" title="GAYA PADA IPAS" datepublished="2024-09-25T21:56:39" version="1.0.0.0" flashdata="story_content/data.swf" html5data="mobile/data.json" mobiledata="mobile/data.gz" enabledownload="false" duration="About 7 minutes" totalaudio="0" totalvideo="343074"><description>PEMBELAJARAN IPAS INTERAKTIF</description><keywords>GAYA PADA IPAS</keywords><slidemeta moniker="slide" monikerplural="slides" viewslides="17" slidecountdescription="17 slides" /><author name="RUFIKA MARDALESTARI" email="mardalestarirufika@gmail.com" website="" /><application name="Articulate Storyline" version="3.20.30234.0" xmlversion="4.0" /></project></meta>